test_num,num_features,neighbours,distance_metric,scaled,accuracy,train_t,test_t
1,10,5,euclidean,false,0.060,2.862,2.997
1,10,10,euclidean,false,0.062,2.746,5.349
1,10,15,euclidean,false,0.063,2.777,4.049
1,10,20,euclidean,false,0.063,3.018,4.624
1,10,25,euclidean,false,0.063,2.787,5.119
1,10,30,euclidean,false,0.062,2.750,5.709
1,10,35,euclidean,false,0.062,2.122,4.372
1,10,40,euclidean,false,0.062,3.133,7.029
1,10,45,euclidean,false,0.062,2.262,5.134
1,10,50,euclidean,false,0.062,2.197,6.498
1,10,5,manhattan,false,0.060,1.673,2.264
1,10,10,manhattan,false,0.062,1.715,3.128
1,10,15,manhattan,false,0.063,1.686,3.194
1,10,20,manhattan,false,0.063,1.885,4.147
1,10,25,manhattan,false,0.063,2.530,4.625
1,10,30,manhattan,false,0.062,2.387,4.125
1,10,35,manhattan,false,0.062,3.049,5.672
1,10,40,manhattan,false,0.063,1.691,5.234
1,10,45,manhattan,false,0.063,1.664,6.171
1,10,50,manhattan,false,0.063,2.460,6.665
1,10,5,euclidean,true,0.060,1.795,1.769
1,10,10,euclidean,true,0.062,1.775,2.913
1,10,15,euclidean,true,0.063,2.002,2.955
1,10,20,euclidean,true,0.063,2.660,3.588
1,10,25,euclidean,true,0.063,2.590,4.000
1,10,30,euclidean,true,0.062,1.863,4.632
1,10,35,euclidean,true,0.062,1.925,4.831
1,10,40,euclidean,true,0.062,2.045,5.311
1,10,45,euclidean,true,0.062,1.786,5.831
1,10,50,euclidean,true,0.062,1.817,6.479
1,10,5,manhattan,true,0.060,2.345,2.370
1,10,10,manhattan,true,0.062,2.188,2.406
1,10,15,manhattan,true,0.063,1.684,3.214
1,10,20,manhattan,true,0.063,1.746,4.535
1,10,25,manhattan,true,0.063,2.507,4.962
1,10,30,manhattan,true,0.062,1.700,4.172
1,10,35,manhattan,true,0.062,2.098,5.154
1,10,40,manhattan,true,0.063,1.802,5.382
1,10,45,manhattan,true,0.063,1.698,5.539
1,10,50,manhattan,true,0.063,1.684,6.419
1,7,5,euclidean,false,0.060,1.476,1.372
1,7,10,euclidean,false,0.062,1.528,2.035
1,7,15,euclidean,false,0.063,2.003,2.530
1,7,20,euclidean,false,0.063,1.522,2.476
1,7,25,euclidean,false,0.063,1.507,2.868
1,7,30,euclidean,false,0.062,1.458,3.175
1,7,35,euclidean,false,0.062,1.476,3.579
1,7,40,euclidean,false,0.062,1.531,3.998
1,7,45,euclidean,false,0.062,1.465,4.156
1,7,50,euclidean,false,0.062,1.556,4.901
1,7,5,manhattan,false,0.060,1.421,1.533
1,7,10,manhattan,false,0.062,1.619,2.230
1,7,15,manhattan,false,0.063,1.439,2.328
1,7,20,manhattan,false,0.063,1.587,2.757
1,7,25,manhattan,false,0.063,1.422,3.041
1,7,30,manhattan,false,0.063,1.425,3.423
1,7,35,manhattan,false,0.062,1.515,4.019
1,7,40,manhattan,false,0.062,1.492,4.384
1,7,45,manhattan,false,0.063,1.422,4.942
1,7,50,manhattan,false,0.062,1.546,5.494
1,7,5,euclidean,true,0.060,1.565,1.404
1,7,10,euclidean,true,0.062,1.536,1.872
1,7,15,euclidean,true,0.063,1.558,2.216
1,7,20,euclidean,true,0.063,1.474,2.515
1,7,25,euclidean,true,0.063,1.479,2.750
1,7,30,euclidean,true,0.062,1.730,3.782
1,7,35,euclidean,true,0.062,1.467,3.527
1,7,40,euclidean,true,0.062,1.858,5.041
1,7,45,euclidean,true,0.062,1.454,4.460
1,7,50,euclidean,true,0.062,1.483,4.724
1,7,5,manhattan,true,0.060,1.415,1.477
1,7,10,manhattan,true,0.062,1.414,1.918
1,7,15,manhattan,true,0.063,1.508,2.856
1,7,20,manhattan,true,0.063,1.593,2.678
1,7,25,manhattan,true,0.063,1.479,3.133
1,7,30,manhattan,true,0.063,1.436,3.587
1,7,35,manhattan,true,0.062,1.623,3.948
1,7,40,manhattan,true,0.062,1.420,3.967
1,7,45,manhattan,true,0.063,1.440,4.687
1,7,50,manhattan,true,0.062,1.427,5.114
1,4,5,euclidean,false,0.056,1.348,0.977
1,4,10,euclidean,false,0.058,1.370,1.347
1,4,15,euclidean,false,0.058,1.383,1.567
1,4,20,euclidean,false,0.059,1.368,1.820
1,4,25,euclidean,false,0.058,1.352,2.128
1,4,30,euclidean,false,0.059,1.354,2.419
1,4,35,euclidean,false,0.059,1.346,3.155
1,4,40,euclidean,false,0.059,1.359,3.435
1,4,45,euclidean,false,0.059,1.374,3.528
1,4,50,euclidean,false,0.059,1.406,3.788
1,4,5,manhattan,false,0.056,1.339,1.118
1,4,10,manhattan,false,0.058,1.309,1.343
1,4,15,manhattan,false,0.059,1.427,1.763
1,4,20,manhattan,false,0.058,1.328,1.930
1,4,25,manhattan,false,0.059,1.348,2.319
1,4,30,manhattan,false,0.059,1.335,2.763
1,4,35,manhattan,false,0.059,1.324,2.869
1,4,40,manhattan,false,0.059,1.321,3.311
1,4,45,manhattan,false,0.059,1.319,3.688
1,4,50,manhattan,false,0.059,1.484,4.715
1,4,5,euclidean,true,0.056,1.349,0.994
1,4,10,euclidean,true,0.058,1.333,1.231
1,4,15,euclidean,true,0.058,1.349,1.509
1,4,20,euclidean,true,0.059,1.379,1.803
1,4,25,euclidean,true,0.058,1.415,2.230
1,4,30,euclidean,true,0.059,1.359,2.361
1,4,35,euclidean,true,0.059,1.349,2.716
1,4,40,euclidean,true,0.059,1.372,3.074
1,4,45,euclidean,true,0.059,1.354,3.786
1,4,50,euclidean,true,0.059,1.341,3.860
1,4,5,manhattan,true,0.056,1.318,1.033
1,4,10,manhattan,true,0.058,1.325,1.415
1,4,15,manhattan,true,0.059,1.324,1.637
1,4,20,manhattan,true,0.058,1.328,1.974
1,4,25,manhattan,true,0.059,1.367,2.251
1,4,30,manhattan,true,0.059,1.358,2.577
1,4,35,manhattan,true,0.059,1.400,2.925
1,4,40,manhattan,true,0.059,1.402,3.475
1,4,45,manhattan,true,0.059,1.358,3.978
1,4,50,manhattan,true,0.059,1.390,4.375
1,1,5,euclidean,false,0.039,2.267,0.703
1,1,10,euclidean,false,0.040,2.178,0.923
1,1,15,euclidean,false,0.040,2.279,1.262
1,1,20,euclidean,false,0.041,2.145,1.372
1,1,25,euclidean,false,0.041,2.131,1.736
1,1,30,euclidean,false,0.041,2.101,1.697
1,1,35,euclidean,false,0.041,2.169,2.079
1,1,40,euclidean,false,0.042,2.125,2.554
1,1,45,euclidean,false,0.042,2.104,2.662
1,1,50,euclidean,false,0.042,2.150,3.505
1,1,5,manhattan,false,0.039,2.191,0.700
1,1,10,manhattan,false,0.040,2.095,0.896
1,1,15,manhattan,false,0.040,2.093,1.132
1,1,20,manhattan,false,0.041,2.545,1.640
1,1,25,manhattan,false,0.041,2.123,1.567
1,1,30,manhattan,false,0.041,2.142,2.905
1,1,35,manhattan,false,0.041,2.516,2.310
1,1,40,manhattan,false,0.042,2.645,2.538
1,1,45,manhattan,false,0.042,2.053,2.731
1,1,50,manhattan,false,0.042,2.080,2.791
1,1,5,euclidean,true,0.039,2.083,0.672
1,1,10,euclidean,true,0.040,2.108,0.857
1,1,15,euclidean,true,0.040,2.092,1.059
1,1,20,euclidean,true,0.041,2.090,1.263
1,1,25,euclidean,true,0.041,2.128,1.663
1,1,30,euclidean,true,0.041,2.144,1.751
1,1,35,euclidean,true,0.041,2.106,1.932
1,1,40,euclidean,true,0.042,2.126,2.268
1,1,45,euclidean,true,0.042,2.101,2.653
1,1,50,euclidean,true,0.042,2.092,2.858
1,1,5,manhattan,true,0.039,4.539,1.324
1,1,10,manhattan,true,0.040,2.267,0.889
1,1,15,manhattan,true,0.040,2.180,1.140
1,1,20,manhattan,true,0.041,2.175,1.390
1,1,25,manhattan,true,0.041,2.062,1.586
1,1,30,manhattan,true,0.041,2.145,1.879
1,1,35,manhattan,true,0.041,2.085,2.101
1,1,40,manhattan,true,0.042,2.124,2.660
1,1,45,manhattan,true,0.042,2.214,2.545
1,1,50,manhattan,true,0.042,2.051,2.909
2,10,5,euclidean,false,0.060,1.691,1.662
2,10,10,euclidean,false,0.062,1.660,2.006
2,10,15,euclidean,false,0.063,1.726,2.699
2,10,20,euclidean,false,0.063,1.718,2.932
2,10,25,euclidean,false,0.063,1.653,3.235
2,10,30,euclidean,false,0.062,1.691,3.664
2,10,35,euclidean,false,0.062,1.703,4.078
2,10,40,euclidean,false,0.062,1.712,4.397
2,10,45,euclidean,false,0.062,1.677,4.798
2,10,50,euclidean,false,0.062,1.656,4.833
2,10,5,manhattan,false,0.060,1.623,1.816
2,10,10,manhattan,false,0.062,1.602,2.238
2,10,15,manhattan,false,0.063,1.652,2.787
2,10,20,manhattan,false,0.063,1.652,3.212
2,10,25,manhattan,false,0.063,1.641,3.614
2,10,30,manhattan,false,0.062,1.712,4.057
2,10,35,manhattan,false,0.062,1.694,4.384
2,10,40,manhattan,false,0.063,2.348,7.310
2,10,45,manhattan,false,0.063,1.658,5.005
2,10,50,manhattan,false,0.063,1.631,5.531
2,10,5,euclidean,true,0.060,1.794,1.614
2,10,10,euclidean,true,0.062,1.640,1.981
2,10,15,euclidean,true,0.063,1.672,3.093
2,10,20,euclidean,true,0.063,1.944,3.316
2,10,25,euclidean,true,0.063,2.138,3.628
2,10,30,euclidean,true,0.062,1.718,3.575
2,10,35,euclidean,true,0.062,1.883,3.999
2,10,40,euclidean,true,0.062,1.714,4.349
2,10,45,euclidean,true,0.062,1.680,4.794
2,10,50,euclidean,true,0.062,1.653,4.974
2,10,5,manhattan,true,0.060,1.670,2.015
2,10,10,manhattan,true,0.062,1.622,2.394
2,10,15,manhattan,true,0.063,1.635,2.633
2,10,20,manhattan,true,0.063,1.613,3.103
2,10,25,manhattan,true,0.063,1.773,4.164
2,10,30,manhattan,true,0.062,1.711,4.226
2,10,35,manhattan,true,0.062,1.877,4.876
2,10,40,manhattan,true,0.063,1.677,4.815
2,10,45,manhattan,true,0.063,1.688,5.479
2,10,50,manhattan,true,0.063,1.779,6.174
2,7,5,euclidean,false,0.060,1.918,1.798
2,7,10,euclidean,false,0.062,1.468,1.707
2,7,15,euclidean,false,0.063,1.478,2.010
2,7,20,euclidean,false,0.063,1.427,2.390
2,7,25,euclidean,false,0.063,1.473,2.673
2,7,30,euclidean,false,0.062,1.554,3.012
2,7,35,euclidean,false,0.062,1.417,3.401
2,7,40,euclidean,false,0.062,1.463,3.878
2,7,45,euclidean,false,0.062,1.434,4.004
2,7,50,euclidean,false,0.062,1.439,4.587
2,7,5,manhattan,false,0.060,1.485,1.628
2,7,10,manhattan,false,0.062,2.096,2.240
2,7,15,manhattan,false,0.063,1.502,2.369
2,7,20,manhattan,false,0.063,1.506,2.753
2,7,25,manhattan,false,0.063,1.656,3.775
2,7,30,manhattan,false,0.063,1.708,5.440
2,7,35,manhattan,false,0.062,1.492,3.867
2,7,40,manhattan,false,0.062,1.578,5.627
2,7,45,manhattan,false,0.063,1.410,4.550
2,7,50,manhattan,false,0.062,1.406,5.016
2,7,5,euclidean,true,0.060,1.420,1.383
2,7,10,euclidean,true,0.062,1.402,1.673
2,7,15,euclidean,true,0.063,1.436,2.047
2,7,20,euclidean,true,0.063,1.440,2.478
2,7,25,euclidean,true,0.063,1.471,2.820
2,7,30,euclidean,true,0.062,1.448,3.019
2,7,35,euclidean,true,0.062,1.450,3.404
2,7,40,euclidean,true,0.062,1.447,4.463
2,7,45,euclidean,true,0.062,1.416,4.044
2,7,50,euclidean,true,0.062,1.432,4.387
2,7,5,manhattan,true,0.060,1.414,1.528
2,7,10,manhattan,true,0.062,1.562,1.911
2,7,15,manhattan,true,0.063,1.430,2.305
2,7,20,manhattan,true,0.063,1.414,2.839
2,7,25,manhattan,true,0.063,1.429,2.995
2,7,30,manhattan,true,0.063,1.427,3.370
2,7,35,manhattan,true,0.062,1.395,3.770
2,7,40,manhattan,true,0.062,1.496,4.375
2,7,45,manhattan,true,0.063,1.418,4.632
2,7,50,manhattan,true,0.062,1.414,5.144
2,4,5,euclidean,false,0.056,1.341,0.974
2,4,10,euclidean,false,0.058,1.362,1.251
2,4,15,euclidean,false,0.058,1.352,1.525
2,4,20,euclidean,false,0.059,1.354,1.791
2,4,25,euclidean,false,0.058,1.343,2.107
2,4,30,euclidean,false,0.059,1.330,2.318
2,4,35,euclidean,false,0.059,1.377,2.845
2,4,40,euclidean,false,0.059,2.133,8.160
2,4,45,euclidean,false,0.059,1.343,3.406
2,4,50,euclidean,false,0.059,1.722,5.723
2,4,5,manhattan,false,0.056,1.337,1.044
2,4,10,manhattan,false,0.058,1.318,1.348
2,4,15,manhattan,false,0.059,1.323,1.638
2,4,20,manhattan,false,0.058,1.356,1.970
2,4,25,manhattan,false,0.059,1.881,4.607
2,4,30,manhattan,false,0.059,1.391,2.743
2,4,35,manhattan,false,0.059,1.322,2.810
2,4,40,manhattan,false,0.059,1.313,3.105
2,4,45,manhattan,false,0.059,1.321,3.703
2,4,50,manhattan,false,0.059,1.318,4.297
2,4,5,euclidean,true,0.056,1.340,0.991
2,4,10,euclidean,true,0.058,1.344,1.252
2,4,15,euclidean,true,0.058,1.368,1.623
2,4,20,euclidean,true,0.059,1.353,1.939
2,4,25,euclidean,true,0.058,1.453,2.106
2,4,30,euclidean,true,0.059,1.360,2.425
2,4,35,euclidean,true,0.059,1.351,2.703
2,4,40,euclidean,true,0.059,1.335,2.885
2,4,45,euclidean,true,0.059,1.331,3.226
2,4,50,euclidean,true,0.059,1.340,3.933
2,4,5,manhattan,true,0.056,1.301,1.053
2,4,10,manhattan,true,0.058,1.464,1.394
2,4,15,manhattan,true,0.059,1.323,1.663
2,4,20,manhattan,true,0.058,1.365,1.996
2,4,25,manhattan,true,0.059,1.342,2.267
2,4,30,manhattan,true,0.059,1.676,3.522
2,4,35,manhattan,true,0.059,1.800,3.129
2,4,40,manhattan,true,0.059,1.417,3.695
2,4,45,manhattan,true,0.059,1.498,3.705
2,4,50,manhattan,true,0.059,1.312,4.130
2,1,5,euclidean,false,0.039,2.330,0.929
2,1,10,euclidean,false,0.040,3.469,1.442
2,1,15,euclidean,false,0.040,2.690,1.145
2,1,20,euclidean,false,0.041,2.588,1.968
2,1,25,euclidean,false,0.041,2.738,1.584
2,1,30,euclidean,false,0.041,2.824,2.512
2,1,35,euclidean,false,0.041,2.381,3.402
2,1,40,euclidean,false,0.042,2.997,3.847
2,1,45,euclidean,false,0.042,2.779,4.973
2,1,50,euclidean,false,0.042,2.571,4.144
2,1,5,manhattan,false,0.039,2.366,0.712
2,1,10,manhattan,false,0.040,2.366,1.098
2,1,15,manhattan,false,0.040,3.168,1.662
2,1,20,manhattan,false,0.041,2.534,1.882
2,1,25,manhattan,false,0.041,2.997,3.060
2,1,30,manhattan,false,0.041,3.158,2.972
2,1,35,manhattan,false,0.041,2.369,2.583
2,1,40,manhattan,false,0.042,3.379,3.914
2,1,45,manhattan,false,0.042,2.975,4.565
2,1,50,manhattan,false,0.042,2.420,4.003
2,1,5,euclidean,true,0.039,2.452,0.694
2,1,10,euclidean,true,0.040,2.372,1.081
2,1,15,euclidean,true,0.040,2.350,1.288
2,1,20,euclidean,true,0.041,2.297,1.790
2,1,25,euclidean,true,0.041,2.361,1.838
2,1,30,euclidean,true,0.041,2.560,2.928
2,1,35,euclidean,true,0.041,2.721,2.753
2,1,40,euclidean,true,0.042,2.548,3.444
2,1,45,euclidean,true,0.042,2.921,4.914
2,1,50,euclidean,true,0.042,2.951,4.203
2,1,5,manhattan,true,0.039,2.446,0.779
2,1,10,manhattan,true,0.040,2.266,1.354
2,1,15,manhattan,true,0.040,2.416,1.690
2,1,20,manhattan,true,0.041,2.437,2.013
2,1,25,manhattan,true,0.041,2.352,2.193
2,1,30,manhattan,true,0.041,2.359,2.130
2,1,35,manhattan,true,0.041,2.474,3.270
2,1,40,manhattan,true,0.042,2.515,3.984
2,1,45,manhattan,true,0.042,2.285,3.596
2,1,50,manhattan,true,0.042,2.359,4.092
3,10,5,euclidean,false,0.060,2.149,2.354
3,10,10,euclidean,false,0.062,2.276,2.931
3,10,15,euclidean,false,0.063,2.453,3.997
3,10,20,euclidean,false,0.063,2.327,4.049
3,10,25,euclidean,false,0.063,2.685,4.925
3,10,30,euclidean,false,0.062,2.118,4.697
3,10,35,euclidean,false,0.062,2.465,5.816
3,10,40,euclidean,false,0.062,2.026,6.226
3,10,45,euclidean,false,0.062,2.196,6.901
3,10,50,euclidean,false,0.062,2.049,7.950
3,10,5,manhattan,false,0.060,2.164,2.641
3,10,10,manhattan,false,0.062,2.042,3.005
3,10,15,manhattan,false,0.063,2.607,4.204
3,10,20,manhattan,false,0.063,2.156,5.284
3,10,25,manhattan,false,0.063,2.460,5.147
3,10,30,manhattan,false,0.062,2.049,6.560
3,10,35,manhattan,false,0.062,2.284,5.649
3,10,40,manhattan,false,0.063,1.937,7.131
3,10,45,manhattan,false,0.063,2.343,7.671
3,10,50,manhattan,false,0.063,1.934,6.873
3,10,5,euclidean,true,0.060,2.388,1.940
3,10,10,euclidean,true,0.062,2.649,3.128
3,10,15,euclidean,true,0.063,2.189,3.021
3,10,20,euclidean,true,0.063,2.774,4.778
3,10,25,euclidean,true,0.063,2.063,3.983
3,10,30,euclidean,true,0.062,2.046,4.537
3,10,35,euclidean,true,0.062,1.693,3.806
3,10,40,euclidean,true,0.062,1.723,4.485
3,10,45,euclidean,true,0.062,1.740,5.091
3,10,50,euclidean,true,0.062,1.702,5.479
3,10,5,manhattan,true,0.060,1.668,1.953
3,10,10,manhattan,true,0.062,1.652,2.380
3,10,15,manhattan,true,0.063,1.718,2.807
3,10,20,manhattan,true,0.063,1.879,3.127
3,10,25,manhattan,true,0.063,1.672,3.661
3,10,30,manhattan,true,0.062,2.029,4.258
3,10,35,manhattan,true,0.062,1.665,4.602
3,10,40,manhattan,true,0.063,1.742,4.924
3,10,45,manhattan,true,0.063,1.939,6.194
3,10,50,manhattan,true,0.063,1.722,6.536
3,7,5,euclidean,false,0.060,1.859,1.725
3,7,10,euclidean,false,0.062,1.921,2.094
3,7,15,euclidean,false,0.063,1.888,2.454
3,7,20,euclidean,false,0.063,1.877,2.751
3,7,25,euclidean,false,0.063,1.822,3.377
3,7,30,euclidean,false,0.062,1.869,3.759
3,7,35,euclidean,false,0.062,1.862,4.115
3,7,40,euclidean,false,0.062,1.843,4.742
3,7,45,euclidean,false,0.062,1.872,5.341
3,7,50,euclidean,false,0.062,1.693,5.753
3,7,5,manhattan,false,0.060,1.555,1.543
3,7,10,manhattan,false,0.062,1.466,1.970
3,7,15,manhattan,false,0.063,1.496,2.352
3,7,20,manhattan,false,0.063,1.809,3.270
3,7,25,manhattan,false,0.063,1.819,3.670
3,7,30,manhattan,false,0.063,1.788,3.874
3,7,35,manhattan,false,0.062,1.492,3.863
3,7,40,manhattan,false,0.062,1.475,4.217
3,7,45,manhattan,false,0.063,1.439,4.711
3,7,50,manhattan,false,0.062,1.812,6.348
3,7,5,euclidean,true,0.060,1.756,1.715
3,7,10,euclidean,true,0.062,1.614,2.044
3,7,15,euclidean,true,0.063,1.841,2.443
3,7,20,euclidean,true,0.063,1.737,3.006
3,7,25,euclidean,true,0.063,1.710,3.438
3,7,30,euclidean,true,0.062,1.831,3.685
3,7,35,euclidean,true,0.062,1.749,4.182
3,7,40,euclidean,true,0.062,1.459,3.859
3,7,45,euclidean,true,0.062,1.444,3.948
3,7,50,euclidean,true,0.062,1.449,4.579
3,7,5,manhattan,true,0.060,1.454,1.532
3,7,10,manhattan,true,0.062,1.698,2.273
3,7,15,manhattan,true,0.063,1.412,2.253
3,7,20,manhattan,true,0.063,1.672,3.067
3,7,25,manhattan,true,0.063,1.552,3.713
3,7,30,manhattan,true,0.063,1.632,3.997
3,7,35,manhattan,true,0.062,1.613,4.467
3,7,40,manhattan,true,0.062,1.451,4.061
3,7,45,manhattan,true,0.063,1.407,4.402
3,7,50,manhattan,true,0.062,1.411,4.852
3,4,5,euclidean,false,0.056,1.348,0.965
3,4,10,euclidean,false,0.058,1.770,1.344
3,4,15,euclidean,false,0.058,1.390,1.538
3,4,20,euclidean,false,0.059,1.356,1.826
3,4,25,euclidean,false,0.058,1.368,2.093
3,4,30,euclidean,false,0.059,1.342,2.387
3,4,35,euclidean,false,0.059,1.443,2.619
3,4,40,euclidean,false,0.059,1.348,3.170
3,4,45,euclidean,false,0.059,1.360,3.340
3,4,50,euclidean,false,0.059,1.348,3.608
3,4,5,manhattan,false,0.056,1.317,1.033
3,4,10,manhattan,false,0.058,1.332,1.353
3,4,15,manhattan,false,0.059,1.321,1.717
3,4,20,manhattan,false,0.058,1.331,2.080
3,4,25,manhattan,false,0.059,1.361,2.310
3,4,30,manhattan,false,0.059,1.366,2.636
3,4,35,manhattan,false,0.059,1.409,3.079
3,4,40,manhattan,false,0.059,1.416,3.451
3,4,45,manhattan,false,0.059,1.335,3.809
3,4,50,manhattan,false,0.059,1.465,5.366
3,4,5,euclidean,true,0.056,1.544,1.287
3,4,10,euclidean,true,0.058,1.779,1.587
3,4,15,euclidean,true,0.058,1.516,1.892
3,4,20,euclidean,true,0.059,1.717,2.152
3,4,25,euclidean,true,0.058,1.782,2.527
3,4,30,euclidean,true,0.059,1.740,2.641
3,4,35,euclidean,true,0.059,1.767,3.495
3,4,40,euclidean,true,0.059,1.379,3.224
3,4,45,euclidean,true,0.059,1.381,3.601
3,4,50,euclidean,true,0.059,1.354,4.061
3,4,5,manhattan,true,0.056,1.411,1.124
3,4,10,manhattan,true,0.058,1.380,1.373
3,4,15,manhattan,true,0.059,1.367,1.725
3,4,20,manhattan,true,0.058,1.374,1.986
3,4,25,manhattan,true,0.059,1.734,2.855
3,4,30,manhattan,true,0.059,1.984,2.857
3,4,35,manhattan,true,0.059,1.474,3.317
3,4,40,manhattan,true,0.059,1.310,3.140
3,4,45,manhattan,true,0.059,1.305,3.555
3,4,50,manhattan,true,0.059,1.320,4.096
3,1,5,euclidean,false,0.039,2.078,0.662
3,1,10,euclidean,false,0.040,2.138,0.863
3,1,15,euclidean,false,0.040,2.158,1.111
3,1,20,euclidean,false,0.041,2.165,1.363
3,1,25,euclidean,false,0.041,2.156,1.529
3,1,30,euclidean,false,0.041,2.128,1.940
3,1,35,euclidean,false,0.041,2.115,2.115
3,1,40,euclidean,false,0.042,2.122,2.400
3,1,45,euclidean,false,0.042,2.111,2.618
3,1,50,euclidean,false,0.042,2.129,2.849
3,1,5,manhattan,false,0.039,2.091,0.709
3,1,10,manhattan,false,0.040,2.128,0.929
3,1,15,manhattan,false,0.040,2.136,1.107
3,1,20,manhattan,false,0.041,2.056,1.355
3,1,25,manhattan,false,0.041,2.124,1.540
3,1,30,manhattan,false,0.041,2.079,1.816
3,1,35,manhattan,false,0.041,2.707,2.384
3,1,40,manhattan,false,0.042,2.084,2.273
3,1,45,manhattan,false,0.042,2.734,3.150
3,1,50,manhattan,false,0.042,2.112,3.361
3,1,5,euclidean,true,0.039,2.665,0.823
3,1,10,euclidean,true,0.040,2.125,0.877
3,1,15,euclidean,true,0.040,2.149,1.095
3,1,20,euclidean,true,0.041,2.801,1.588
3,1,25,euclidean,true,0.041,2.523,1.902
3,1,30,euclidean,true,0.041,2.522,2.308
3,1,35,euclidean,true,0.041,2.492,2.640
3,1,40,euclidean,true,0.042,2.159,2.236
3,1,45,euclidean,true,0.042,2.670,2.811
3,1,50,euclidean,true,0.042,2.186,3.369
3,1,5,manhattan,true,0.039,2.174,0.739
3,1,10,manhattan,true,0.040,2.151,0.902
3,1,15,manhattan,true,0.040,2.082,1.117
3,1,20,manhattan,true,0.041,2.550,1.584
3,1,25,manhattan,true,0.041,2.478,1.744
3,1,30,manhattan,true,0.041,2.125,1.806
3,1,35,manhattan,true,0.041,2.105,2.076
3,1,40,manhattan,true,0.042,2.112,2.273
3,1,45,manhattan,true,0.042,2.127,2.619
3,1,50,manhattan,true,0.042,2.110,2.881
4,10,5,euclidean,false,0.060,1.684,1.656
4,10,10,euclidean,false,0.062,1.738,2.074
4,10,15,euclidean,false,0.063,1.689,2.419
4,10,20,euclidean,false,0.063,1.688,2.777
4,10,25,euclidean,false,0.063,1.664,3.171
4,10,30,euclidean,false,0.062,1.699,3.749
4,10,35,euclidean,false,0.062,2.099,4.747
4,10,40,euclidean,false,0.062,1.805,5.249
4,10,45,euclidean,false,0.062,1.993,5.759
4,10,50,euclidean,false,0.062,2.137,6.158
4,10,5,manhattan,false,0.060,2.019,2.279
4,10,10,manhattan,false,0.062,2.010,2.903
4,10,15,manhattan,false,0.063,1.962,3.489
4,10,20,manhattan,false,0.063,2.018,3.889
4,10,25,manhattan,false,0.063,2.018,4.385
4,10,30,manhattan,false,0.062,1.980,4.457
4,10,35,manhattan,false,0.062,1.699,4.325
4,10,40,manhattan,false,0.063,1.937,5.263
4,10,45,manhattan,false,0.063,2.025,6.478
4,10,50,manhattan,false,0.063,1.707,6.156
4,10,5,euclidean,true,0.060,1.787,1.755
4,10,10,euclidean,true,0.062,1.667,2.091
4,10,15,euclidean,true,0.063,1.770,2.454
4,10,20,euclidean,true,0.063,1.720,2.818
4,10,25,euclidean,true,0.063,1.752,3.277
4,10,30,euclidean,true,0.062,1.715,3.859
4,10,35,euclidean,true,0.062,1.882,4.426
4,10,40,euclidean,true,0.062,1.750,5.187
4,10,45,euclidean,true,0.062,1.716,4.938
4,10,50,euclidean,true,0.062,1.975,6.245
4,10,5,manhattan,true,0.060,1.985,2.237
4,10,10,manhattan,true,0.062,1.987,2.888
4,10,15,manhattan,true,0.063,1.988,3.534
4,10,20,manhattan,true,0.063,2.049,3.863
4,10,25,manhattan,true,0.063,1.723,3.801
4,10,30,manhattan,true,0.062,1.949,4.752
4,10,35,manhattan,true,0.062,2.119,5.504
4,10,40,manhattan,true,0.063,2.038,6.236
4,10,45,manhattan,true,0.063,1.791,5.436
4,10,50,manhattan,true,0.063,1.660,6.066
4,7,5,euclidean,false,0.060,1.498,1.405
4,7,10,euclidean,false,0.062,1.456,1.733
4,7,15,euclidean,false,0.063,1.531,2.067
4,7,20,euclidean,false,0.063,1.441,2.419
4,7,25,euclidean,false,0.063,1.454,2.669
4,7,30,euclidean,false,0.062,1.483,3.107
4,7,35,euclidean,false,0.062,1.438,3.226
4,7,40,euclidean,false,0.062,1.420,3.658
4,7,45,euclidean,false,0.062,1.908,5.216
4,7,50,euclidean,false,0.062,1.510,5.013
4,7,5,manhattan,false,0.060,1.467,1.544
4,7,10,manhattan,false,0.062,1.429,1.916
4,7,15,manhattan,false,0.063,1.428,2.407
4,7,20,manhattan,false,0.063,1.422,2.647
4,7,25,manhattan,false,0.063,1.417,3.097
4,7,30,manhattan,false,0.063,1.393,3.316
4,7,35,manhattan,false,0.062,1.467,4.451
4,7,40,manhattan,false,0.062,1.431,4.367
4,7,45,manhattan,false,0.063,1.521,4.799
4,7,50,manhattan,false,0.062,1.490,5.690
4,7,5,euclidean,true,0.060,1.480,1.597
4,7,10,euclidean,true,0.062,1.498,1.820
4,7,15,euclidean,true,0.063,1.476,2.109
4,7,20,euclidean,true,0.063,1.466,2.502
4,7,25,euclidean,true,0.063,1.504,2.868
4,7,30,euclidean,true,0.062,1.464,3.233
4,7,35,euclidean,true,0.062,1.768,4.200
4,7,40,euclidean,true,0.062,1.968,4.512
4,7,45,euclidean,true,0.062,1.887,5.262
4,7,50,euclidean,true,0.062,1.635,5.595
4,7,5,manhattan,true,0.060,1.879,1.941
4,7,10,manhattan,true,0.062,1.871,2.326
4,7,15,manhattan,true,0.063,1.493,2.401
4,7,20,manhattan,true,0.063,1.484,2.802
4,7,25,manhattan,true,0.063,1.844,3.733
4,7,30,manhattan,true,0.063,1.478,4.101
4,7,35,manhattan,true,0.062,1.488,3.927
4,7,40,manhattan,true,0.062,1.444,4.445
4,7,45,manhattan,true,0.063,1.849,5.824
4,7,50,manhattan,true,0.062,1.642,6.274
4,4,5,euclidean,false,0.056,1.376,0.988
4,4,10,euclidean,false,0.058,1.439,1.304
4,4,15,euclidean,false,0.058,1.385,1.622
4,4,20,euclidean,false,0.059,1.401,1.811
4,4,25,euclidean,false,0.058,1.373,2.189
4,4,30,euclidean,false,0.059,1.437,2.809
4,4,35,euclidean,false,0.059,1.388,2.803
4,4,40,euclidean,false,0.059,1.368,3.141
4,4,45,euclidean,false,0.059,1.423,3.731
4,4,50,euclidean,false,0.059,1.369,4.365
4,4,5,manhattan,false,0.056,1.413,1.098
4,4,10,manhattan,false,0.058,1.498,1.345
4,4,15,manhattan,false,0.059,1.329,2.039
4,4,20,manhattan,false,0.058,1.735,2.193
4,4,25,manhattan,false,0.059,1.332,2.456
4,4,30,manhattan,false,0.059,1.418,2.839
4,4,35,manhattan,false,0.059,1.369,3.014
4,4,40,manhattan,false,0.059,1.422,3.664
4,4,45,manhattan,false,0.059,1.353,3.952
4,4,50,manhattan,false,0.059,2.160,5.438
4,4,5,euclidean,true,0.056,1.374,1.056
4,4,10,euclidean,true,0.058,1.479,1.326
4,4,15,euclidean,true,0.058,1.479,2.009
4,4,20,euclidean,true,0.059,1.442,1.979
4,4,25,euclidean,true,0.058,1.397,2.210
4,4,30,euclidean,true,0.059,1.401,2.426
4,4,35,euclidean,true,0.059,1.448,2.819
4,4,40,euclidean,true,0.059,1.462,3.304
4,4,45,euclidean,true,0.059,1.399,3.761
4,4,50,euclidean,true,0.059,1.533,4.775
4,4,5,manhattan,true,0.056,1.674,1.155
4,4,10,manhattan,true,0.058,1.751,1.586
4,4,15,manhattan,true,0.059,1.727,1.963
4,4,20,manhattan,true,0.058,1.504,2.364
4,4,25,manhattan,true,0.059,1.751,2.763
4,4,30,manhattan,true,0.059,1.574,3.116
4,4,35,manhattan,true,0.059,1.338,3.020
4,4,40,manhattan,true,0.059,1.336,3.369
4,4,45,manhattan,true,0.059,1.376,4.027
4,4,50,manhattan,true,0.059,1.330,4.167
4,1,5,euclidean,false,0.039,2.794,0.839
4,1,10,euclidean,false,0.040,2.122,0.867
4,1,15,euclidean,false,0.040,2.140,1.148
4,1,20,euclidean,false,0.041,2.167,1.499
4,1,25,euclidean,false,0.041,2.129,1.861
4,1,30,euclidean,false,0.041,2.173,1.942
4,1,35,euclidean,false,0.041,2.204,2.312
4,1,40,euclidean,false,0.042,2.139,2.728
4,1,45,euclidean,false,0.042,2.678,3.424
4,1,50,euclidean,false,0.042,2.559,3.870
4,1,5,manhattan,false,0.039,2.090,0.697
4,1,10,manhattan,false,0.040,2.951,0.922
4,1,15,manhattan,false,0.040,2.943,1.193
4,1,20,manhattan,false,0.041,3.021,1.502
4,1,25,manhattan,false,0.041,2.082,1.658
4,1,30,manhattan,false,0.041,2.130,1.869
4,1,35,manhattan,false,0.041,2.094,2.272
4,1,40,manhattan,false,0.042,2.099,2.262
4,1,45,manhattan,false,0.042,2.146,3.266
4,1,50,manhattan,false,0.042,2.110,3.105
4,1,5,euclidean,true,0.039,2.120,0.672
4,1,10,euclidean,true,0.040,2.117,0.910
4,1,15,euclidean,true,0.040,2.187,1.088
4,1,20,euclidean,true,0.041,2.192,1.298
4,1,25,euclidean,true,0.041,2.979,2.043
4,1,30,euclidean,true,0.041,2.148,1.803
4,1,35,euclidean,true,0.041,2.123,2.380
4,1,40,euclidean,true,0.042,2.096,2.364
4,1,45,euclidean,true,0.042,2.135,2.935
4,1,50,euclidean,true,0.042,2.160,3.104
4,1,5,manhattan,true,0.039,2.713,0.739
4,1,10,manhattan,true,0.040,2.114,0.902
4,1,15,manhattan,true,0.040,2.968,1.219
4,1,20,manhattan,true,0.041,2.650,1.337
4,1,25,manhattan,true,0.041,2.083,1.582
4,1,30,manhattan,true,0.041,2.638,1.872
4,1,35,manhattan,true,0.041,2.150,2.144
4,1,40,manhattan,true,0.042,2.176,2.462
4,1,45,manhattan,true,0.042,2.176,2.708
4,1,50,manhattan,true,0.042,2.936,2.939
5,10,5,euclidean,false,0.060,2.136,1.915
5,10,10,euclidean,false,0.062,1.714,2.125
5,10,15,euclidean,false,0.063,1.678,2.508
5,10,20,euclidean,false,0.063,1.706,2.884
5,10,25,euclidean,false,0.063,1.780,3.351
5,10,30,euclidean,false,0.062,1.709,3.573
5,10,35,euclidean,false,0.062,1.682,3.800
5,10,40,euclidean,false,0.062,1.818,4.323
5,10,45,euclidean,false,0.062,1.799,4.793
5,10,50,euclidean,false,0.062,1.715,5.356
5,10,5,manhattan,false,0.060,1.672,1.982
5,10,10,manhattan,false,0.062,1.704,2.385
5,10,15,manhattan,false,0.063,1.697,2.718
5,10,20,manhattan,false,0.063,1.647,3.127
5,10,25,manhattan,false,0.063,2.409,4.464
5,10,30,manhattan,false,0.062,1.936,3.949
5,10,35,manhattan,false,0.062,1.669,4.280
5,10,40,manhattan,false,0.063,1.608,4.687
5,10,45,manhattan,false,0.063,2.536,6.611
5,10,50,manhattan,false,0.063,1.604,6.852
5,10,5,euclidean,true,0.060,1.937,2.546
5,10,10,euclidean,true,0.062,1.667,2.029
5,10,15,euclidean,true,0.063,1.680,2.394
5,10,20,euclidean,true,0.063,1.679,2.853
5,10,25,euclidean,true,0.063,1.671,3.172
5,10,30,euclidean,true,0.062,2.482,4.394
5,10,35,euclidean,true,0.062,1.672,4.625
5,10,40,euclidean,true,0.062,2.056,4.491
5,10,45,euclidean,true,0.062,2.297,5.846
5,10,50,euclidean,true,0.062,2.282,6.276
5,10,5,manhattan,true,0.060,1.638,1.824
5,10,10,manhattan,true,0.062,2.137,3.090
5,10,15,manhattan,true,0.063,1.696,2.769
5,10,20,manhattan,true,0.063,2.323,4.173
5,10,25,manhattan,true,0.063,1.753,3.736
5,10,30,manhattan,true,0.062,1.668,4.184
5,10,35,manhattan,true,0.062,1.762,4.405
5,10,40,manhattan,true,0.063,1.659,4.660
5,10,45,manhattan,true,0.063,1.623,6.146
5,10,50,manhattan,true,0.063,1.680,5.831
5,7,5,euclidean,false,0.060,1.733,1.544
5,7,10,euclidean,false,0.062,1.452,1.926
5,7,15,euclidean,false,0.063,1.543,2.077
5,7,20,euclidean,false,0.063,1.448,2.419
5,7,25,euclidean,false,0.063,1.551,2.720
5,7,30,euclidean,false,0.062,1.451,3.042
5,7,35,euclidean,false,0.062,1.465,3.552
5,7,40,euclidean,false,0.062,1.426,3.584
5,7,45,euclidean,false,0.062,1.426,4.063
5,7,50,euclidean,false,0.062,2.188,5.667
5,7,5,manhattan,false,0.060,1.424,1.469
5,7,10,manhattan,false,0.062,1.834,2.348
5,7,15,manhattan,false,0.063,2.260,2.925
5,7,20,manhattan,false,0.063,1.394,2.561
5,7,25,manhattan,false,0.063,1.758,4.126
5,7,30,manhattan,false,0.063,1.415,3.716
5,7,35,manhattan,false,0.062,1.467,3.772
5,7,40,manhattan,false,0.062,1.430,4.195
5,7,45,manhattan,false,0.063,1.397,4.291
5,7,50,manhattan,false,0.062,1.410,4.752
5,7,5,euclidean,true,0.060,1.767,1.909
5,7,10,euclidean,true,0.062,1.449,1.695
5,7,15,euclidean,true,0.063,2.218,2.592
5,7,20,euclidean,true,0.063,1.668,3.258
5,7,25,euclidean,true,0.063,1.431,2.648
5,7,30,euclidean,true,0.062,1.474,3.219
5,7,35,euclidean,true,0.062,1.533,3.453
5,7,40,euclidean,true,0.062,1.920,5.200
5,7,45,euclidean,true,0.062,2.133,5.930
5,7,50,euclidean,true,0.062,1.458,5.733
5,7,5,manhattan,true,0.060,1.465,1.516
5,7,10,manhattan,true,0.062,1.445,1.959
5,7,15,manhattan,true,0.063,1.481,2.330
5,7,20,manhattan,true,0.063,1.507,2.788
5,7,25,manhattan,true,0.063,1.438,3.036
5,7,30,manhattan,true,0.063,1.815,4.307
5,7,35,manhattan,true,0.062,1.411,3.842
5,7,40,manhattan,true,0.062,1.483,4.362
5,7,45,manhattan,true,0.063,1.529,4.429
5,7,50,manhattan,true,0.062,1.437,5.379
5,4,5,euclidean,false,0.056,1.354,0.964
5,4,10,euclidean,false,0.058,1.593,1.862
5,4,15,euclidean,false,0.058,1.430,1.552
5,4,20,euclidean,false,0.059,1.363,1.923
5,4,25,euclidean,false,0.058,1.379,2.100
5,4,30,euclidean,false,0.059,1.367,2.339
5,4,35,euclidean,false,0.059,1.373,2.671
5,4,40,euclidean,false,0.059,1.695,3.933
5,4,45,euclidean,false,0.059,1.361,3.540
5,4,50,euclidean,false,0.059,1.365,3.849
5,4,5,manhattan,false,0.056,2.054,1.268
5,4,10,manhattan,false,0.058,1.340,1.336
5,4,15,manhattan,false,0.059,1.580,2.417
5,4,20,manhattan,false,0.058,1.342,1.937
5,4,25,manhattan,false,0.059,1.763,2.273
5,4,30,manhattan,false,0.059,1.318,2.580
5,4,35,manhattan,false,0.059,1.332,2.885
5,4,40,manhattan,false,0.059,1.323,3.103
5,4,45,manhattan,false,0.059,1.311,3.398
5,4,50,manhattan,false,0.059,1.826,4.160
5,4,5,euclidean,true,0.056,1.642,1.018
5,4,10,euclidean,true,0.058,1.370,1.334
5,4,15,euclidean,true,0.058,1.411,1.696
5,4,20,euclidean,true,0.059,1.425,1.852
5,4,25,euclidean,true,0.058,1.398,2.182
5,4,30,euclidean,true,0.059,1.401,2.438
5,4,35,euclidean,true,0.059,1.348,2.627
5,4,40,euclidean,true,0.059,1.343,2.983
5,4,45,euclidean,true,0.059,1.349,3.824
5,4,50,euclidean,true,0.059,1.349,3.897
5,4,5,manhattan,true,0.056,1.322,1.041
5,4,10,manhattan,true,0.058,1.357,1.353
5,4,15,manhattan,true,0.059,1.648,2.357
5,4,20,manhattan,true,0.058,1.375,2.000
5,4,25,manhattan,true,0.059,1.372,2.226
5,4,30,manhattan,true,0.059,1.312,2.519
5,4,35,manhattan,true,0.059,1.870,3.498
5,4,40,manhattan,true,0.059,1.342,3.061
5,4,45,manhattan,true,0.059,1.578,4.885
5,4,50,manhattan,true,0.059,2.240,5.299
5,1,5,euclidean,false,0.039,3.909,1.048
5,1,10,euclidean,false,0.040,3.787,1.379
5,1,15,euclidean,false,0.040,4.399,1.787
5,1,20,euclidean,false,0.041,4.021,2.033
5,1,25,euclidean,false,0.041,4.022,2.219
5,1,30,euclidean,false,0.041,4.113,2.611
5,1,35,euclidean,false,0.041,3.874,2.893
5,1,40,euclidean,false,0.042,3.975,3.220
5,1,45,euclidean,false,0.042,3.934,3.961
5,1,50,euclidean,false,0.042,2.239,3.426
5,1,5,manhattan,false,0.039,2.560,0.907
5,1,10,manhattan,false,0.040,2.741,0.990
5,1,15,manhattan,false,0.040,3.847,2.038
5,1,20,manhattan,false,0.041,3.779,1.994
5,1,25,manhattan,false,0.041,3.679,2.319
5,1,30,manhattan,false,0.041,4.018,2.609
5,1,35,manhattan,false,0.041,3.582,2.935
5,1,40,manhattan,false,0.042,3.745,3.006
5,1,45,manhattan,false,0.042,3.835,3.668
5,1,50,manhattan,false,0.042,3.687,3.808
5,1,5,euclidean,true,0.039,3.571,0.811
5,1,10,euclidean,true,0.040,3.829,1.256
5,1,15,euclidean,true,0.040,3.683,1.723
5,1,20,euclidean,true,0.041,3.717,1.909
5,1,25,euclidean,true,0.041,3.708,2.158
5,1,30,euclidean,true,0.041,3.842,2.351
5,1,35,euclidean,true,0.041,3.750,2.996
5,1,40,euclidean,true,0.042,4.042,3.283
5,1,45,euclidean,true,0.042,3.859,3.641
5,1,50,euclidean,true,0.042,3.796,3.583
5,1,5,manhattan,true,0.039,3.764,1.027
5,1,10,manhattan,true,0.040,3.893,1.379
5,1,15,manhattan,true,0.040,4.289,1.971
5,1,20,manhattan,true,0.041,3.870,1.739
5,1,25,manhattan,true,0.041,3.789,2.136
5,1,30,manhattan,true,0.041,3.757,3.097
5,1,35,manhattan,true,0.041,4.117,2.978
5,1,40,manhattan,true,0.042,3.654,3.123
5,1,45,manhattan,true,0.042,3.810,3.679
5,1,50,manhattan,true,0.042,3.975,3.884
